1,39U1BHVTDLRTORDGGEI5UUJ77ZC3TA
2,3WMOAN2SRBXF5NAF3S2Z4Q5Y8YAVNI
3,3FE2ERCCZX8KIODVIVTDDNGLC9IOPN
4,34T446B1C0EGLIC8B55W3MLWGWS0CJ
5,3JMSRU9HQIUBBHX2ATZGE3BPU6OEVR
6,3YJ6NA41JBG6HDMY2I185RZZDQTJP6
7,3TDXMTX3CBU2CWKN54HZNQTI56EI6N
8,3LWJHTCVCCMBCN1HJ5PCQYXHPF0QF3
9,3GDTJDAPVUBBCTT2JYCPZXWQTD88M6
10,3PDJHANYK5G2G193ZMZENES36RP6H5
11,3K9FOBBF2HJC9IYLPO0THH7WIYDNLT
12,33F859I566D8MDQYVDGMYUEVKXZBH4
13,3SNLUL3WO4NP48IUMPCFVCZQPWPLU5
14,3Y9N9SS8LYBM72HJUOIQPQ1L4ROD3T
15,31N2WW6R9RQJ5MVFLUDGDQ46GLZ3FN
16,3JMSRU9HQIUBBHX2ATZGE3BPU7AEVF
17,3JBT3HLQF82WHSR2K44UTLNPXN5ZP5
18,3KIBXJ1WD5UJ7XGF53O5H6UMJ8QKOF
19,3TYCR1GOTCJ6Q7C4SCBNC4E5SCHZLI
20,3137ONMDKG5STK77LY0UE28F88LGEO
21,3D8YOU6S9EK7LNFNZL6D6THT0ZG6UV
22,3SITXWYCNV9583QD0HY81G2P81XBX4
23,3Y9N9SS8LYBM72HJUOIQPQ1L4DK3DN
24,3I3WADAZ9Q4GPEVCYGKZFHB4MIM5O6
25,3NLZY2D53PPXCFBD5GSALB21M5ULQZ
26,3JRJSWSMQHLRZ8VJQJTAV8J63MP3ED
27,3EF8EXOTT1V30L3WHGQI4VH1B8HJ1T
28,3HYA4D452RJUK4ZWHUZBUGZEA792FL
29,3M23Y66PO27R6ANJAGBDRSZ5F2V6SF
30,30LB5CDZNCATTBNI3JP4EKMHPWMZ0P
31,3F1567XTNW52BDA4GJPKG2B6NZM9QC
32,3E4GGUZ1T8R50QRAI5Q8ATRJH5Z2KZ
33,34V1S5K3GS191VRK1ABMAXUFMGE69F
34,3KYQYYSHYV7BTRA5DM2IDTZWZZPDOR
35,30LSNF239UVEUV1MI25WXDC6P1C2IQ
36,3TPZPLC3M0CVWZK9ZX9LPKIAIRIP38
37,36NEMU28XFDM2UPKH1SVDDZCAHBWM2
38,3KB8R4ZV1E7UMHVNB7Y4DU2U5SRGB5
39,3OS46CRSLFZ7Y24N4BGI2FJCE6QV6A
40,35GMH2SV3EHGLXO59HD2JBHHZBREOM
41,3Z7EFSHGN9EOI8IJEHU3C087P54XC5
42,3WJEQKOXA82SZS0SNAD5BWEILL3A1K
43,34S6N1K2ZVJKZMCAMQ5GCXA0WM4HLE
44,3JNQLM5FT4MGKW9S3529PT4Y73V2LQ
45,3TVSS0C0E10QFPF4QYT7ZRU45N9TWZ
46,31UV0MXWNQC6TSK90L7UVKFIAEKI5V
47,3EFE17QCRC573Z706Z2HOJOVNCYSHG
48,39DD6S19JPBSK12CBQOJZ9OLJL3EZ9
49,3OVR4I9USPJ1E74SZOTTZU0Q1NZQ4K
50,338JKRMM26Z333L6PZGQ3JUP16THAB
51,3SB5N7Y3O34T2USDDR1FTD6BEOR0G0
52,3M1CVSFP605GGWK98P3KCXMQTX3AQN
53,3JZQSN0I3QAKZY73G9K0WKTFJMZGFU
54,3SNLUL3WO4NP48IUMPCFVCZQQ0PLUE
55,3E47SOBEYQWRSDTOFVU29QLS1S8ICY
56,3FE2ERCCZX8KIODVIVTDDNGLDIFPO4
57,3TE3O857308RNU458PZ5B5DXCXCR20
58,30ZX6P7VF8VAP6LS0KQW9ER63EQ2JO
59,30OG32W0SUBY3COT82DP4MHC91HEN2
60,3YW4XOSQKQLCE1EQTFUWBXQCSO91U1
61,3S4AW7T80BIQNAOF7JLXI81WRHP4LM
62,3AAJC4I4FGS0VHO4PRZAWP1DNPNJZE
63,3HOSI13XHZOKPUJGNDO22ZNXVL2DDE
64,3DZQRBDBSLFS9R01REDFKPNL5B83SL
65,31QTRG6Q2TDWC2HXOI2BFEENRCZYPD
66,39K0FND3AHFPVHMHGWW3VO2LJXJMAR
67,3TPWUS5F8919T8DT4CYHAHU0G3YCWR
68,3PQ8K71NHXKOTGDSJT6YMX7LPFHAAG
69,3VW6495TLJ0QLG9YF5YUS57ZVXMYYN
70,3X31TUMD7XM9VBRWK12VKAUTEZU1LO
71,3OXV7EAXLEQNMT24K1ACJKRTNRZ630
72,3LRKMWOKB5H0PLQWI6TIX8FWMV92ZH
73,3X4JMASXCM9XBDK2X591S2FEYBU0BE
74,34FNN24DCM9SJSZE43TXH8960SI5YE
75,3DZQRBDBSLFS9R01REDFKPNL4DN3S3
76,3LPW2N6LKT2B2JF9U2W8EN3T36KU5L
77,3WETL7AQWT8R3P2QFI07REDTQN753J
78,3EJJQNKU9R5V2K7NRA2CY9JZ1GCRH0
79,37ZHEEHM6WM6QTG93BF4PYRPIXP73W
80,3OHYZ19UGC5DVK7TTCBGNSRQE1LAOP
81,3CTOC39K37QHB7IY6W7R558EDWNJ7Z
82,33SA9F9TRXUOQ6X7034C05U319AWER
83,3M68NM076H7F5VN6VRB81IU9S2VR6Y
84,3G5F9DBFOPXNVRO40U7MZ682MM6VHE
85,3YGXWBAF70HXK6U9U6SYFPB9X9J4CG
86,3IXQG4FA2TYF778FX1SULDG71Y39BG
87,3E337GFOL98WNQKKEX3D4P2OLDKNG7
88,3UWN2HHPUY5ZDVTB9XXUT3LRASPSNG
89,3U0SRXB7CD5NCGTYU8XP3TGVNTTRNJ
90,3IKZ72A5B4GQ9QOP3DXVM42CK4CNFC
91,3RXCAC0YIRPBKJXG8VEUMSCTX5T8GN
92,39N5ACM9HENHB19PG6AVGXLWIJR9P8
93,3S0TNUHWKTI88ZNP65DMG79WKUD8DB
94,39N5ACM9HENHB19PG6AVGXLWHLL9P5
95,32M8BPYGATM49P9THHQLZH670IBGIE
96,3RGU30DZTA80WAPLA29GON548LFMJA
97,3483FV8BEEJY1B6LG1W70AM1H8A26M
98,3XLBSAQ9Z4C7BMN2OIADTZW4XSI7ZN
99,3IHR8NYAM71GEV3DZBE4ZPAGWBY4PW
100,37UEWGM5HT8KY9M9PLZR6M3SLUZ1R1
101,3OS4RQUCR9FO8HZS0NSMV92I3F9BFM
102,3ZQIG0FLQEG5SHJTVTTM09IP2R8VW2
103,39LOEL67OS5AQ7LSDG7A3YNKTMQ38K
104,32KTQ2V7RDFBQYCCOQI3ZTR1DXB9M9
105,3V0Z7YWSIY0JG1LMH94FC220Y1OV2T
106,3ZAZR5XV01IDN3IYFZIO9LOIXZTCZW
107,3RRCEFRB7MCEA123G6W3455RFNAB45
108,30BXRYBRP4X0AGO9Q4CIL8RGUTGWHU
109,3JCG6DTRV3Q83CRQXL062X1VXFRQQC
110,3B2X28YI3WFSPO6HZUPI13P5BEFB6P
111,3E337GFOL98WNQKKEX3D4P2OMMTNGZ
112,3U088ZLJVKTPZGIDSW5XFGSZ73ZW0U
113,3IGI0VL647KKF31I2GGL9YBQD3HNO9
114,3QXNC7EIPIVENK55ZLV51WKOABT90F
115,3HMIGG0U4L6B6AIG2100TSJX2JY8Y0
116,3SITXWYCNV9583QD0HY81G2P8IEXB5
117,3QAPZX2QN4D3N0K6ECGQR9CA457022
118,31Q0U3WYDPFAGQ2UG71L15CSKD917W
119,3K3R2QNK8B3U36HLXS9PQ38VQ5Q9UL
120,3LWJHTCVCCMBCN1HJ5PCQYXHQW6FQX
121,3KAKFY4PGU23FDX5M2J1GNHYWDRI3T
122,35GCEFQ6I5OPA3MFM67NGIKORHMZ3H
123,35USIKEBNRGUQXVE2KURSYPZR596NS
124,3GA6AFUKOOO3JIMLGK1GGBGJV2WH3M
125,32ZKVD547FNTS5JZGSRKU0DL1NH3BF
126,34QN5IT0TZRE9FMVUTPR10PDQAC08S
127,3KXIR214I4GKMO27XD3S3C2NLMT422
128,33IZTU6J8114PP7FB3K3R5CPB8GSXK
129,3IUZPWIU1O7RC6PHWPFFY078MT9KWD
130,3R0T90IZ1SCDWMNTP7UZOE8CNDBGCW
131,32EYX73OY09076D7R99BHO8PWMURUE
132,3I2PTA7R3TUMS9TVKGG96BPMYE3KQS
133,3KKG4CDWKIYVM8N6IMI7DZA1R8L498
134,3GNA64GUZE4JAQ8SDTC34M641JY5Q8
135,3XLBSAQ9Z4C7BMN2OIADTZW4XST7ZY
136,3KJYX6QCM9BJMXJUOUA7BJOH0HIJVM
137,33CUSNVVNNCWR4RYPX26UFVV9OC887
138,3JV9LGBJWTEE5BKWFC3QJE2TBTYGO0
139,31QNSG6A5RTSRQMFFSA0GFZ0XF3872
140,3RSDURM96AMSFBS7F4M0L2FJCNNEYX
141,3TS1AR6UQQE165W2N6G6Q7GMKQ97FP
142,36TFCYNS44AFZGTZ0984NR5N3VLXHN
143,3D4CH1LGEATBYOGQDNK8MO74HBRG90
144,34YB12FSQYOQ58ZK2WODRADOGNRGMH
145,3UN61F00HWPJMRNSQ8139CG9X5XR5S
146,3GA6AFUKOOO3JIMLGK1GGBGJVWJ3HJ
147,3QHK8ZVMIMIA899OMYVKQM721SVBLQ
148,3EFVCAY5L39LBLNHG1ZXJ549PJB8J0
149,33PPUNGG385HT57HXW8JYGN4X6BZRG
150,3X4JMASXCM9XBDK2X591S2FEYGP0BJ
151,3I02618YA06FVTXSEH5MCT8AV42PUG
152,35USIKEBNRGUQXVE2KURSYPZS8X6NN
153,3E4GGUZ1T8R50QRAI5Q8ATRJIMM2KL
154,3Q5ZZ9ZEVOFD4M8WRZV3IVL46FX85O
155,3AZHRG4CU4KS8IGPICUVAJH2AJJ30S
156,3JPSL1DZ5SZVDZ7HSXB383RLNOIAN5
157,36DSNE9QZ5YOWDAXNIOTGRU94JJJO8
158,3EKVH9QMEY4XMKL0QO4L6GWTYZND2P
159,3IJXV6UZ1XJVYFI7XSKXYLKE1T6RI8
160,35K3O9HUABDMFKBCAEUCWH837FTEF3
161,3FPRZHYEPY781JH5L9IKVC7S3IB3V4
162,3S96KQ6I9M4R6JFD93OH735JXWZTDZ
163,354P56DE9K3AAA1OTQG5X6Z1AWXS7K
164,3VFJCI1K4ZZH2OCC74KUD97YNFXRGY
165,3KWTYT087038JTSFLO47N07ARDO5LW
166,3LJ7UR74RHDGBAR0JW1CV05LWHJ4NS
167,3IHR8NYAM71GEV3DZBE4ZPAGWREP4T
168,36PW28KO4ZWRJTU4ZY8KIGXCAUQEAQ
169,3DZQRBDBSLFS9R01REDFKPNL5BR3S4
170,3IXEICO792JSLA0YZGG31XVRH466T3
171,3VHP9MDGRNK7IMRYENOH6T80MY7CFP
172,3DYGAII7PL8N30QBX8LH2SBLRLLQP4
173,3TUI152ZZBNKM879C6AR1WTNO5LQ16
174,35LDD5557A4V7UV3SN9SP25HOD0KMZ
175,33L7PJKHCGYFPOJMSVD1LBRIMJM8TK
176,3EFE17QCRC573Z706Z2HOJOVOLDHS3
177,3U4J9857OEBBTOKMI4UA7HP16Q97BW
178,37M28K1J0QDZU9GWDZJBFWA4F2AAJV
179,31Z0PCVWUKFBPAE3IQLV7BVNBSM7TO
180,3QAVNHZ3EM45PZ4WGKVOVBNWJRKAL2
181,35L9RVQFCOINICZ4V4XH3K6J9DWUHK
182,3I2PTA7R3TUMS9TVKGG96BPMYSFQK2
183,34S6N1K2ZVJKZMCAMQ5GCXA0WM5HLF
184,3N4BPTXIO8SEK20C1P0EGCMB1U8KUM
185,3WEV0KO0OMSQRJ2YK3JRXY9XWOFDSB
186,3G0WWMR1UVKN0FEYHT8PY36QS45QNQ
187,3DYGAII7PL8N30QBX8LH2SBLSO2PQR
188,33FOTY3KEMLGS7XQ7O9WHR46KQF1C7
189,3OHYZ19UGC5DVK7TTCBGNSRQEWIAOC
190,3EICBYG644WNNODUXDF2LR0SE7WCJ3
191,3BV8HQ2ZZW1N6E1PTGPM6S5ZT1R6AW
192,382M9COHEHFBY28253PBIH96HGBUED
193,3TAYZSBPLL83O94INEZA1FITYZJ2SN
194,36TFCYNS44AFZGTZ0984NR5N3VAHXW
195,3E337GFOL98WNQKKEX3D4P2OLJ9GN1
196,3WS1NTTKEYCNOUWI27VXBS6ZD9I0FS
197,3YHH42UU5BF9OM6EOIYV65BJAO60L1
198,3MHW492WW0D9N5PFRRNZRBGY4P2VMJ
199,3GFK2QRXX9HOUN4EP2B9WBOQPKF5WC
200,3UN61F00HWPJMRNSQ8139CG9XA4R59
201,3018Q3ZVOIQGSXZ9L4SKHNWVPJAART
202,3E7TUJ2EGCM8M46ZBXJ0G34741DD9P
203,3HVVDCPGTESU4UA45ZBVKOFKGV1TYQ
204,30LSNF239UVEUV1MI25WXDC6P1A2IO
205,3C44YUNSI1PTERM6SMFX2T4M9OEDP5
206,3A1COHJ8NJVPKFSRS1WC7SOUCNP8H5
207,3WQQ9FUS6AUFT2P5S9MGLHLWGBXB86
208,3NAPMVF0ZWFH5BKQZB1Z6OMXBLQ27K
209,32ZKVD547FNTS5JZGSRKU0DL1N1B37
210,3ERMJ6L4DYS7CFOJ9TKJLX0VI7E7MM
211,3EO896NRAWV495F5JZASA10W3AKTJQ
212,3VE8AYVF8MX56J1LXB8C47CHV9DF8G
213,3PMBY0YE273YHC0LB1OPWXMPJJ59CP
214,3L4PIM1GQTGHOFXC1A60K9E2STMRYV
215,3R3YRB5GRF388PRQPYNPMYJFVKCUAI
216,3F6HPJW4JD0WVQLR7J9BY4LE5FZ2WT
217,3ZPBJO59KP111AOI997STK2VND4HD0
218,3YGXWBAF70HXK6U9U6SYFPB9W4XC4R
219,34T446B1C0EGLIC8B55W3MLWGWMC0P
220,3ZSY5X72NXB5U1TAVNX2IIG0EJWROT
221,33F859I566D8MDQYVDGMYUEVKSZHB0
222,31JLPPHS2UUDBZ88KXW60KDK8RZO3D
223,3FIJLY1B6U4QCB02JSANQT77LH4PFY
224,38F5OAUN5NCLK1N8IW46TSSZ04I7HH
225,3JNQLM5FT4MGKW9S3529PT4Y78O2LT
226,3X31TUMD7XM9VBRWK12VKAUTFGXL1A
227,39GXDJN2OTEU2GNBXQDGMTF3J3MV85
228,3VAR3R6G1P1ZCWEEWER2R1LVORIO8O
229,32SVAV9L3F9O9VE7AEROZPTFJ5U3AI
230,3GFK2QRXX9HOUN4EP2B9WBOQPKPW5D
231,37U1UTWH9VM2996UO686LWQ0ZVDR89
232,351SEKWQS0HNTOPT06N5LPAR4IRDMV
233,34T446B1C0EGLIC8B55W3MLWFY80C2
234,378XPAWRUCD3ZYWQVHYB3VV42NJAIH
235,3A7Y0R2P2OOBQMOPO9BPZ4L2GNCXJF
236,33LK57MYLT5TUK7UCL8OOQS0J8USZX
237,3RJSC4XJ10UVMX3TWVIOPGFMNH405C
238,3AMW0RGHOD2203DJHGT0YYGGNRTNP8
239,3T111IHZ5EQ2NEP4TYEKLSLBI4E9R4
240,3VE8AYVF8MX56J1LXB8C47CHW7N8FG
241,3RJSC4XJ10UVMX3TWVIOPGFMOF250C
242,3NPFYT4IZC41ZKYOG3QM2RTMNXPXG8
243,39GAF6DQWR0CRG3QY5417JSV6EQV1U
244,3ATPCQ38J8APPYBVZZKEPJPSSPMYAI
245,3YZ8UPK3VTMW14OO9CJGST93WLVUCF
246,3KRVW3HTZNLTVD8BXWIUGOWR52JSMK
247,3E13VNJ1NNV75AJQZY5ISU21YTM1IT
248,3NOKK93PR18U96BGF3A6EZN3V9AEE7
249,3TVSS0C0E10QFPF4QYT7ZRU45S5TW5
250,3634BBTX0OUYVPDY6XK3HW6VZNKFIR
251,3YOH7BII097EXHPC6FAJCYOUFK7VKE
252,3NGI5ARFTT5ZMW6UCTV21R3DK72P1E
253,31T4R4OBOSGU3TCSW4Q5I1VJNDM7CJ
